id,first_name,last_name,name,title,role,manager_id,department,email,is_active,hire_date
005oHBvRPOIvGrv5iF,Jami,Green,Jami Green,Director of Sales,Director,,Sales,jami.green@fakeco.example,true,2022-03-16
005CBFNOgmBjMtpsia,Omar,Martinez,Omar Martinez,Sales Manager,Manager,005oHBvRPOIvGrv5iF,Sales,omar.martinez.0@fakeco.example,true,2023-02-28
005Rz3AwzKsbVRJN9w,Leila,Singh,Leila Singh,Sales Manager,Manager,005oHBvRPOIvGrv5iF,Sales,leila.singh.1@fakeco.example,true,2022-07-05
005YGW2WmQzCudiH7Y,Anika,Banerjee,Anika Banerjee,Sales Manager,Manager,005oHBvRPOIvGrv5iF,Sales,anika.banerjee.2@fakeco.example,true,2023-12-15
0051on43XkMtECqOxS,Nia,Hernandez,Nia Hernandez,Sales Manager,Manager,005oHBvRPOIvGrv5iF,Sales,nia.hernandez.3@fakeco.example,true,2023-12-13
005YRdo1XKXWNqRs7r,Elias,Brown,Elias Brown,Sales Manager,Manager,005oHBvRPOIvGrv5iF,Sales,elias.brown.4@fakeco.example,true,2020-10-05
005oKiuPKdYR7osjOr,Amina,Smith,Amina Smith,Sales Manager,Manager,005oHBvRPOIvGrv5iF,Sales,amina.smith.5@fakeco.example,true,2022-07-30
0050CzUZREN68k4tUN,Alex,Gonzalez,Alex Gonzalez,Sales Manager,Manager,005oHBvRPOIvGrv5iF,Sales,alex.gonzalez.6@fakeco.example,true,2020-09-20
00546pdJQIPvjiQvlb,Malik,Lewis,Malik Lewis,Sales Manager,Manager,005oHBvRPOIvGrv5iF,Sales,malik.lewis.7@fakeco.example,true,2021-02-14
005OIgfFwD3HJoKyrb,Kai,Kim,Kai Kim,Sales Manager,Manager,005oHBvRPOIvGrv5iF,Sales,kai.kim.8@fakeco.example,true,2021-01-19
005YmdhQj38AruHr4i,Amina,Lee,Amina Lee,Sales Manager,Manager,005oHBvRPOIvGrv5iF,Sales,amina.lee.9@fakeco.example,true,2022-11-25
005HSbKdA9u4uQgwLg,Saanvi,Johnson,Saanvi Johnson,Sales Manager,Manager,005oHBvRPOIvGrv5iF,Sales,saanvi.johnson.10@fakeco.example,true,2023-10-20
0051ogmMJXwKi9x7h6,Riley,Ibrahim,Riley Ibrahim,Sales Manager,Manager,005oHBvRPOIvGrv5iF,Sales,riley.ibrahim.11@fakeco.example,true,2024-05-23
005fBH7X41zTPDP4k8,Priya,Jackson,Priya Jackson,Sales Manager,Manager,005oHBvRPOIvGrv5iF,Sales,priya.jackson.12@fakeco.example,true,2023-12-15
005f0EwixIIqe8jKQh,Andre,Wong,Andre Wong,Sales Manager,Manager,005oHBvRPOIvGrv5iF,Sales,andre.wong.13@fakeco.example,true,2020-12-29
0057iwusMtTZqpXc5h,Keisha,Garcia,Keisha Garcia,Sales Manager,Manager,005oHBvRPOIvGrv5iF,Sales,keisha.garcia.14@fakeco.example,true,2021-11-12
005OEVBljOlOAEtoDO,Bao,Green,Bao Green,Sales Manager,Manager,005oHBvRPOIvGrv5iF,Sales,bao.green.15@fakeco.example,true,2024-01-07
005EgPRqfNiIu74kke,Akira,Johnson,Akira Johnson,Sales Manager,Manager,005oHBvRPOIvGrv5iF,Sales,akira.johnson.16@fakeco.example,true,2023-01-13
005MGGqbWbad3uDrpp,Lucia,Lopez,Lucia Lopez,Sales Manager,Manager,005oHBvRPOIvGrv5iF,Sales,lucia.lopez.17@fakeco.example,true,2023-11-05
005uVz3GPMMicIbLRd,Alex,Lewis,Alex Lewis,Sales Manager,Manager,005oHBvRPOIvGrv5iF,Sales,alex.lewis.18@fakeco.example,true,2022-12-30
005z32jGDpi1AF7w2P,Amina,Miller,Amina Miller,Sales Manager,Manager,005oHBvRPOIvGrv5iF,Sales,amina.miller.19@fakeco.example,true,2023-06-19
005eN3Z5DKYAYQ7yyd,Kavya,Nguyen,Kavya Nguyen,Sales Manager,Manager,005oHBvRPOIvGrv5iF,Sales,kavya.nguyen.20@fakeco.example,true,2022-10-18
0059uyjqtfJMSN9Dlv,Keisha,Williams,Keisha Williams,Sales Manager,Manager,005oHBvRPOIvGrv5iF,Sales,keisha.williams.21@fakeco.example,true,2021-05-10
005UDDleg62hKD9gF2,Alex,Wright,Alex Wright,Sales Manager,Manager,005oHBvRPOIvGrv5iF,Sales,alex.wright.22@fakeco.example,true,2023-05-10
005Er3PZH84kPlmCnF,Amina,Smith,Amina Smith,Sales Manager,Manager,005oHBvRPOIvGrv5iF,Sales,amina.smith.23@fakeco.example,true,2022-01-17
005khU7QNqtUPQZIqp,Sofia,Singh,Sofia Singh,Sales Manager,Manager,005oHBvRPOIvGrv5iF,Sales,sofia.singh.24@fakeco.example,true,2022-09-18
0057w7EAdnkGEiNgQI,Liam,Jackson,Liam Jackson,Sales Manager,Manager,005oHBvRPOIvGrv5iF,Sales,liam.jackson.25@fakeco.example,true,2022-06-10
005XSKc1itTnzphAq0,Amina,Green,Amina Green,Sales Manager,Manager,005oHBvRPOIvGrv5iF,Sales,amina.green.26@fakeco.example,true,2021-04-15
005G84IQH4GvjJRSmN,Imani,Walker,Imani Walker,Sales Manager,Manager,005oHBvRPOIvGrv5iF,Sales,imani.walker.27@fakeco.example,true,2020-05-16
005tNEaaVidaDN1aY5,Taylor,Cruz,Taylor Cruz,Account Executive,AE,005CBFNOgmBjMtpsia,Sales,taylor.cruz.1000@fakeco.example,true,2021-11-30
005B24wkYeA8WTwY25,Omar,Williams,Omar Williams,Account Executive,AE,005Rz3AwzKsbVRJN9w,Sales,omar.williams.1001@fakeco.example,true,2021-07-18
005vvizm5OfORbfBYV,Kavya,Robinson,Kavya Robinson,Sales Development Representative,SDR,005YGW2WmQzCudiH7Y,Sales,kavya.robinson.1002@fakeco.example,true,2022-06-25
005uK1d6IniB6ZlkqB,Tariq,Lewis,Tariq Lewis,Sales Development Representative,SDR,0051on43XkMtECqOxS,Sales,tariq.lewis.1003@fakeco.example,true,2025-10-05
005I3dLDQYUNdUVw4Y,Saanvi,Martinez,Saanvi Martinez,Account Executive,AE,005YRdo1XKXWNqRs7r,Sales,saanvi.martinez.1004@fakeco.example,true,2024-09-02
0051FeBviD8WOpEx9p,Kavya,Gupta,Kavya Gupta,Sales Development Representative,SDR,005oKiuPKdYR7osjOr,Sales,kavya.gupta.1005@fakeco.example,true,2026-01-02
005M1BnJPIeqHk8Nds,Adriana,Green,Adriana Green,Sales Development Representative,SDR,0050CzUZREN68k4tUN,Sales,adriana.green.1006@fakeco.example,true,2024-10-17
005mm9vtHx0K9TGlB7,Jihoon,Davis,Jihoon Davis,Sales Development Representative,SDR,00546pdJQIPvjiQvlb,Sales,jihoon.davis.1007@fakeco.example,true,2024-06-25
00569YZ8tMEls1oPGs,Noah,Washington,Noah Washington,Sales Development Representative,SDR,005OIgfFwD3HJoKyrb,Sales,noah.washington.1008@fakeco.example,true,2021-11-24
005mzHykyCWibqXEgp,Imani,Washington,Imani Washington,Business Development Representative,BDR,005YmdhQj38AruHr4i,Sales,imani.washington.1009@fakeco.example,true,2024-04-26
0050fGb9Xo51dtJbLu,Aaliyah,Lopez,Aaliyah Lopez,Account Executive,AE,005HSbKdA9u4uQgwLg,Sales,aaliyah.lopez.1010@fakeco.example,true,2023-04-22
005nz6ixedb0ulRU2P,Saanvi,Hall,Saanvi Hall,Business Development Representative,BDR,0051ogmMJXwKi9x7h6,Sales,saanvi.hall.1011@fakeco.example,true,2021-07-28
0054cPwdknqYVBf2UL,Andre,Hall,Andre Hall,Business Development Representative,BDR,005fBH7X41zTPDP4k8,Sales,andre.hall.1012@fakeco.example,true,2023-07-01
005zQVR4ms4RjAh8MF,Diego,Khan,Diego Khan,Business Development Representative,BDR,005f0EwixIIqe8jKQh,Sales,diego.khan.1013@fakeco.example,true,2024-11-16
005fjwPseptfcyBFSO,Yara,Lopez,Yara Lopez,Account Executive,AE,0057iwusMtTZqpXc5h,Sales,yara.lopez.1014@fakeco.example,true,2023-12-18
005TqlXejhWbvjVWsd,Taylor,Green,Taylor Green,Account Executive,AE,005OEVBljOlOAEtoDO,Sales,taylor.green.1015@fakeco.example,true,2024-09-17
005OHuMUHvi8wsLMNv,Imani,Gupta,Imani Gupta,Sales Development Representative,SDR,005EgPRqfNiIu74kke,Sales,imani.gupta.1016@fakeco.example,true,2023-07-08
005lwhmSG1MSOXLTAt,Gabriel,Wong,Gabriel Wong,Sales Development Representative,SDR,005MGGqbWbad3uDrpp,Sales,gabriel.wong.1017@fakeco.example,true,2023-03-28
005CDjSs8Io3wfG3Ak,Camila,Hall,Camila Hall,Account Executive,AE,005uVz3GPMMicIbLRd,Sales,camila.hall.1018@fakeco.example,true,2024-08-20
005cVL9DQ83eH0EZfE,Lucia,Moore,Lucia Moore,Account Executive,AE,005z32jGDpi1AF7w2P,Sales,lucia.moore.1019@fakeco.example,true,2022-12-30
005DJJzk8TFPHjwamm,Riley,Washington,Riley Washington,Business Development Representative,BDR,005eN3Z5DKYAYQ7yyd,Sales,riley.washington.1020@fakeco.example,true,2021-10-18
005xhYc6cT3lbTknDn,Quinn,Gonzalez,Quinn Gonzalez,Account Executive,AE,0059uyjqtfJMSN9Dlv,Sales,quinn.gonzalez.1021@fakeco.example,true,2022-01-30
005oNQqFKPLjEKAacs,Anika,Garcia,Anika Garcia,Sales Development Representative,SDR,005UDDleg62hKD9gF2,Sales,anika.garcia.1022@fakeco.example,true,2022-11-25
005COStSs3dErO7Qyy,Lucia,Hernandez,Lucia Hernandez,Account Executive,AE,005Er3PZH84kPlmCnF,Sales,lucia.hernandez.1023@fakeco.example,true,2022-09-22
005z7MbHiOpJ6R0JED,Omar,Walker,Omar Walker,Account Executive,AE,005khU7QNqtUPQZIqp,Sales,omar.walker.1024@fakeco.example,true,2025-04-20
005v0k6ScHdsTsZ8Rg,Imani,Smith,Imani Smith,Account Executive,AE,0057w7EAdnkGEiNgQI,Sales,imani.smith.1025@fakeco.example,true,2023-03-16
005FmC4bvUmQBFO9r1,Malik,Miller,Malik Miller,Business Development Representative,BDR,005XSKc1itTnzphAq0,Sales,malik.miller.1026@fakeco.example,true,2021-05-28
0058Bwr0RkCwwLehpc,Noah,Singh,Noah Singh,Business Development Representative,BDR,005G84IQH4GvjJRSmN,Sales,noah.singh.1027@fakeco.example,true,2024-09-02
005bo0fFeWaVUqG2KV,Daniel,Singh,Daniel Singh,Sales Development Representative,SDR,005CBFNOgmBjMtpsia,Sales,daniel.singh.1028@fakeco.example,true,2023-12-03
005Sq8Z0wjCdFUQUHx,Taylor,Nguyen,Taylor Nguyen,Sales Development Representative,SDR,005Rz3AwzKsbVRJN9w,Sales,taylor.nguyen.1029@fakeco.example,true,2023-12-19
005q3idaDMhXnwfocw,Maya,Abebe,Maya Abebe,Account Executive,AE,005YGW2WmQzCudiH7Y,Sales,maya.abebe.1030@fakeco.example,true,2025-12-10
005jI7Sc4sfHBomzPt,Diego,Hall,Diego Hall,Account Executive,AE,0051on43XkMtECqOxS,Sales,diego.hall.1031@fakeco.example,true,2025-05-05
005AjaFO16Hd8Hp1Jf,Imani,Rodriguez,Imani Rodriguez,Account Executive,AE,005YRdo1XKXWNqRs7r,Sales,imani.rodriguez.1032@fakeco.example,true,2022-03-19
005tRa1eePdjJYM6mg,Haruto,Patel,Haruto Patel,Business Development Representative,BDR,005oKiuPKdYR7osjOr,Sales,haruto.patel.1033@fakeco.example,true,2022-01-17
005Rxy2aV7ygR0ASuT,Camila,Baker,Camila Baker,Business Development Representative,BDR,0050CzUZREN68k4tUN,Sales,camila.baker.1034@fakeco.example,true,2021-07-14
005qf3JcieWVjwiYd7,Omar,Singh,Omar Singh,Business Development Representative,BDR,00546pdJQIPvjiQvlb,Sales,omar.singh.1035@fakeco.example,true,2024-06-04
005PkYO2xaCUvet6zY,DeShawn,Williams,DeShawn Williams,Sales Development Representative,SDR,005OIgfFwD3HJoKyrb,Sales,deshawn.williams.1036@fakeco.example,true,2024-01-25
005Jf9CIg9lV3G32cG,Sofia,Thompson,Sofia Thompson,Business Development Representative,BDR,005YmdhQj38AruHr4i,Sales,sofia.thompson.1037@fakeco.example,true,2023-04-13
005uJa3pJEeyQVnsZp,Liam,Abebe,Liam Abebe,Business Development Representative,BDR,005HSbKdA9u4uQgwLg,Sales,liam.abebe.1038@fakeco.example,true,2025-10-12
0052iY9Uot4wf3iCnE,Jamal,Washington,Jamal Washington,Account Executive,AE,0051ogmMJXwKi9x7h6,Sales,jamal.washington.1039@fakeco.example,true,2024-11-30
0056SOvFbGwot3GcKs,Riley,Washington,Riley Washington,Account Executive,AE,005fBH7X41zTPDP4k8,Sales,riley.washington.1040@fakeco.example,true,2024-07-20
005UyDSWXbJPhakryL,Adriana,Alvarez,Adriana Alvarez,Business Development Representative,BDR,005f0EwixIIqe8jKQh,Sales,adriana.alvarez.1041@fakeco.example,true,2025-04-11
005n3YnrPf6lJOdoQd,Daniel,Banerjee,Daniel Banerjee,Account Executive,AE,0057iwusMtTZqpXc5h,Sales,daniel.banerjee.1042@fakeco.example,true,2024-10-19
0055zd5SriKEc8WlTo,Sofia,Abebe,Sofia Abebe,Sales Development Representative,SDR,005OEVBljOlOAEtoDO,Sales,sofia.abebe.1043@fakeco.example,true,2023-11-08
005d2TMY2eGPYkWkSs,Taylor,Gupta,Taylor Gupta,Account Executive,AE,005EgPRqfNiIu74kke,Sales,taylor.gupta.1044@fakeco.example,true,2024-07-29
005ZRAk3rxvD6mvf15,Adriana,Walker,Adriana Walker,Business Development Representative,BDR,005MGGqbWbad3uDrpp,Sales,adriana.walker.1045@fakeco.example,true,2024-08-16
005zWOoMnQrwuxqr1I,Elias,Smith,Elias Smith,Sales Development Representative,SDR,005uVz3GPMMicIbLRd,Sales,elias.smith.1046@fakeco.example,true,2022-09-16
005pCTycClXuIF6SUv,Anika,Thomas,Anika Thomas,Business Development Representative,BDR,005z32jGDpi1AF7w2P,Sales,anika.thomas.1047@fakeco.example,true,2023-11-26
005Iyi4Xhg6R1KQ608,Daniel,Edwards,Daniel Edwards,Sales Development Representative,SDR,005eN3Z5DKYAYQ7yyd,Sales,daniel.edwards.1048@fakeco.example,true,2023-07-13
0053VzHd9EJw9O3rur,Haruto,Wright,Haruto Wright,Account Executive,AE,0059uyjqtfJMSN9Dlv,Sales,haruto.wright.1049@fakeco.example,true,2024-01-02
005FyZAQiHdXrvrQlY,Nia,Kim,Nia Kim,Account Executive,AE,005UDDleg62hKD9gF2,Sales,nia.kim.1050@fakeco.example,true,2021-08-14
005GrOeBn48jU6nOpE,Riley,Kim,Riley Kim,Account Executive,AE,005Er3PZH84kPlmCnF,Sales,riley.kim.1051@fakeco.example,true,2022-09-01
005TpaHIC8CTfHGP4i,Liam,Williams,Liam Williams,Account Executive,AE,005khU7QNqtUPQZIqp,Sales,liam.williams.1052@fakeco.example,true,2025-06-21
005Xq8vs8ialvuJ4ap,Jordan,Mitchell,Jordan Mitchell,Sales Development Representative,SDR,0057w7EAdnkGEiNgQI,Sales,jordan.mitchell.1053@fakeco.example,true,2025-09-04
005a88RCsXNcc8P2XG,Malik,Taylor,Malik Taylor,Business Development Representative,BDR,005XSKc1itTnzphAq0,Sales,malik.taylor.1054@fakeco.example,true,2022-05-21
0055pWDZRM9H820dFq,Jihoon,Robinson,Jihoon Robinson,Sales Development Representative,SDR,005G84IQH4GvjJRSmN,Sales,jihoon.robinson.1055@fakeco.example,true,2025-01-15
005mBDyVPIykNE1wjN,Saanvi,Thomas,Saanvi Thomas,Account Executive,AE,005CBFNOgmBjMtpsia,Sales,saanvi.thomas.1056@fakeco.example,true,2022-12-11
005VxJy5mAR2JIiQzL,Diego,Gonzalez,Diego Gonzalez,Sales Development Representative,SDR,005Rz3AwzKsbVRJN9w,Sales,diego.gonzalez.1057@fakeco.example,true,2025-08-12
005IAWyyPlUBLQDIva,Sofia,Ali,Sofia Ali,Sales Development Representative,SDR,005YGW2WmQzCudiH7Y,Sales,sofia.ali.1058@fakeco.example,true,2023-04-13
005EecxXglGcgO8nCu,Bao,Wright,Bao Wright,Account Executive,AE,0051on43XkMtECqOxS,Sales,bao.wright.1059@fakeco.example,true,2021-11-02
005Tdp9BDe2ZbrGft6,Sofia,Perez,Sofia Perez,Account Executive,AE,005YRdo1XKXWNqRs7r,Sales,sofia.perez.1060@fakeco.example,true,2023-09-29
005UmJEIRnoljtUYmh,Amina,Banerjee,Amina Banerjee,Business Development Representative,BDR,005oKiuPKdYR7osjOr,Sales,amina.banerjee.1061@fakeco.example,true,2024-07-30
005mbGysH2pp4xju3N,Liam,Patel,Liam Patel,Sales Development Representative,SDR,0050CzUZREN68k4tUN,Sales,liam.patel.1062@fakeco.example,true,2023-10-27
005aV0dZauGUbUqQX9,Leila,Gonzalez,Leila Gonzalez,Sales Development Representative,SDR,00546pdJQIPvjiQvlb,Sales,leila.gonzalez.1063@fakeco.example,true,2025-05-17
005EF1FFbGvvXzIjDl,Tariq,Moore,Tariq Moore,Sales Development Representative,SDR,005OIgfFwD3HJoKyrb,Sales,tariq.moore.1064@fakeco.example,true,2023-01-30
005qHaW3q8wb36uD9S,Nia,Johnson,Nia Johnson,Account Executive,AE,005YmdhQj38AruHr4i,Sales,nia.johnson.1065@fakeco.example,true,2022-11-12
005GkgNJqeO2GW2jXH,Imani,Khan,Imani Khan,Sales Development Representative,SDR,005HSbKdA9u4uQgwLg,Sales,imani.khan.1066@fakeco.example,true,2021-12-15
005Ozb2jx0nnrpjBm7,Gabriel,Sanchez,Gabriel Sanchez,Sales Development Representative,SDR,0051ogmMJXwKi9x7h6,Sales,gabriel.sanchez.1067@fakeco.example,true,2022-07-17
005BLRswT6VWAL3Jkq,Taylor,Hall,Taylor Hall,Business Development Representative,BDR,005fBH7X41zTPDP4k8,Sales,taylor.hall.1068@fakeco.example,true,2023-12-26
005voBFvhNYadVKXTu,Amina,Cruz,Amina Cruz,Business Development Representative,BDR,005f0EwixIIqe8jKQh,Sales,amina.cruz.1069@fakeco.example,true,2024-05-30
005F4DJKwnDrFRcqbf,Noah,Smith,Noah Smith,Business Development Representative,BDR,0057iwusMtTZqpXc5h,Sales,noah.smith.1070@fakeco.example,true,2022-10-29
005RNwgHWbHSrrlfhq,Leila,Lopez,Leila Lopez,Business Development Representative,BDR,005OEVBljOlOAEtoDO,Sales,leila.lopez.1071@fakeco.example,true,2024-07-02
005ZmDANT8NxIwQSUH,Akira,Gonzalez,Akira Gonzalez,Business Development Representative,BDR,005EgPRqfNiIu74kke,Sales,akira.gonzalez.1072@fakeco.example,true,2026-03-10
005bLIYitOgj1qzWEZ,Malik,Wright,Malik Wright,Account Executive,AE,005MGGqbWbad3uDrpp,Sales,malik.wright.1073@fakeco.example,true,2021-05-26
005bBd6E3UkbkZtoaS,Zuri,Alvarez,Zuri Alvarez,Account Executive,AE,005uVz3GPMMicIbLRd,Sales,zuri.alvarez.1074@fakeco.example,true,2025-08-02
0059UKz8nd1s6XFb2G,Kai,Ali,Kai Ali,Business Development Representative,BDR,005z32jGDpi1AF7w2P,Sales,kai.ali.1075@fakeco.example,true,2024-11-12
005ZhFZ3TvVOVxKEgo,Keisha,Singh,Keisha Singh,Sales Development Representative,SDR,005eN3Z5DKYAYQ7yyd,Sales,keisha.singh.1076@fakeco.example,true,2025-08-04
005M5xWWu90p0JPGJQ,Mei,Patel,Mei Patel,Business Development Representative,BDR,0059uyjqtfJMSN9Dlv,Sales,mei.patel.1077@fakeco.example,true,2025-02-14
005JwwpEL8xofdwkwl,Daniel,Smith,Daniel Smith,Sales Development Representative,SDR,005UDDleg62hKD9gF2,Sales,daniel.smith.1078@fakeco.example,true,2023-09-18
005ponU3oUJcEecoTy,Tariq,Sanchez,Tariq Sanchez,Account Executive,AE,005Er3PZH84kPlmCnF,Sales,tariq.sanchez.1079@fakeco.example,true,2024-09-09
005WgETdcCDX1SEp32,Omar,Anderson,Omar Anderson,Account Executive,AE,005khU7QNqtUPQZIqp,Sales,omar.anderson.1080@fakeco.example,true,2025-09-22
005gYdlj9yv5Cc6zkp,Quinn,Smith,Quinn Smith,Business Development Representative,BDR,0057w7EAdnkGEiNgQI,Sales,quinn.smith.1081@fakeco.example,true,2025-03-05
005egJ9DcGz51VtFgp,Jada,Smith,Jada Smith,Account Executive,AE,005XSKc1itTnzphAq0,Sales,jada.smith.1082@fakeco.example,true,2025-04-06
005tcchhnKXX6SYaxV,Akira,Green,Akira Green,Sales Development Representative,SDR,005G84IQH4GvjJRSmN,Sales,akira.green.1083@fakeco.example,true,2022-06-04
005yopVEVGjrYSQu2q,Priya,Anderson,Priya Anderson,Sales Development Representative,SDR,005CBFNOgmBjMtpsia,Sales,priya.anderson.1084@fakeco.example,true,2022-11-07
005FlqJ6WT9psqZImt,Carmen,Johnson,Carmen Johnson,Account Executive,AE,005Rz3AwzKsbVRJN9w,Sales,carmen.johnson.1085@fakeco.example,true,2025-10-03
005YpyV0Iqs18vr6hF,Imani,Rodriguez,Imani Rodriguez,Account Executive,AE,005YGW2WmQzCudiH7Y,Sales,imani.rodriguez.1086@fakeco.example,true,2022-08-10
005gXBXTL8NV8xfMOI,Sofia,Martinez,Sofia Martinez,Business Development Representative,BDR,0051on43XkMtECqOxS,Sales,sofia.martinez.1087@fakeco.example,true,2025-05-12
0052yGgxi1v4hCqV4x,Amina,Hernandez,Amina Hernandez,Sales Development Representative,SDR,005YRdo1XKXWNqRs7r,Sales,amina.hernandez.1088@fakeco.example,true,2022-10-07
005YJKL1sxnz5KucCa,Camila,Smith,Camila Smith,Sales Development Representative,SDR,005oKiuPKdYR7osjOr,Sales,camila.smith.1089@fakeco.example,true,2024-03-09
005PcnSwvycOiPT9zy,Tariq,Wong,Tariq Wong,Sales Development Representative,SDR,0050CzUZREN68k4tUN,Sales,tariq.wong.1090@fakeco.example,true,2023-08-08
005r8kcdxSxYgha9K0,DeShawn,Kim,DeShawn Kim,Sales Development Representative,SDR,00546pdJQIPvjiQvlb,Sales,deshawn.kim.1091@fakeco.example,true,2025-02-10
0053QDpe3Xj7Gt2h2H,Priya,Clark,Priya Clark,Business Development Representative,BDR,005OIgfFwD3HJoKyrb,Sales,priya.clark.1092@fakeco.example,true,2024-08-19
005Rc5gJ1bF86O0c4W,Andre,Davis,Andre Davis,Account Executive,AE,005YmdhQj38AruHr4i,Sales,andre.davis.1093@fakeco.example,true,2026-01-30
005ZgXPYFXOBU7G1tp,Kavya,Anderson,Kavya Anderson,Business Development Representative,BDR,005HSbKdA9u4uQgwLg,Sales,kavya.anderson.1094@fakeco.example,true,2024-05-08
005CS61es1IwtecnA5,Carmen,Clark,Carmen Clark,Sales Development Representative,SDR,0051ogmMJXwKi9x7h6,Sales,carmen.clark.1095@fakeco.example,true,2025-10-14
005N1Jj8umhbHxSPTH,Adriana,Gupta,Adriana Gupta,Sales Development Representative,SDR,005fBH7X41zTPDP4k8,Sales,adriana.gupta.1096@fakeco.example,true,2025-12-18
005oyndEH15fmiBogk,Emerson,Lopez,Emerson Lopez,Account Executive,AE,005f0EwixIIqe8jKQh,Sales,emerson.lopez.1097@fakeco.example,true,2024-11-15
005SbAnWPkaLqqFhXE,Ximena,Cruz,Ximena Cruz,Account Executive,AE,0057iwusMtTZqpXc5h,Sales,ximena.cruz.1098@fakeco.example,true,2023-04-13
005ygjBY3eCoYXQvBW,Miguel,Patel,Miguel Patel,Sales Development Representative,SDR,005OEVBljOlOAEtoDO,Sales,miguel.patel.1099@fakeco.example,true,2021-10-23
005PuqoGxlvwVICWiV,Amina,Khan,Amina Khan,Business Development Representative,BDR,005EgPRqfNiIu74kke,Sales,amina.khan.1100@fakeco.example,true,2021-09-01
0051xrdseoLzIEtx8d,Saanvi,Diaz,Saanvi Diaz,Account Executive,AE,005MGGqbWbad3uDrpp,Sales,saanvi.diaz.1101@fakeco.example,true,2026-01-09
005CyM4CU7TgZ0ieQC,Haruto,Edwards,Haruto Edwards,Business Development Representative,BDR,005uVz3GPMMicIbLRd,Sales,haruto.edwards.1102@fakeco.example,true,2022-01-03
005SW3xD3pVRHzXb4Z,Saanvi,Edwards,Saanvi Edwards,Sales Development Representative,SDR,005z32jGDpi1AF7w2P,Sales,saanvi.edwards.1103@fakeco.example,true,2022-01-23
005VLfsfX7zhRzFubF,Leila,Lee,Leila Lee,Sales Development Representative,SDR,005eN3Z5DKYAYQ7yyd,Sales,leila.lee.1104@fakeco.example,true,2023-10-26
005iSUGFUqSTcmtbKs,Priya,Diaz,Priya Diaz,Sales Development Representative,SDR,0059uyjqtfJMSN9Dlv,Sales,priya.diaz.1105@fakeco.example,true,2023-09-28
005Cu36WnbRoy8DEqo,Javier,Miller,Javier Miller,Sales Development Representative,SDR,005UDDleg62hKD9gF2,Sales,javier.miller.1106@fakeco.example,true,2023-12-15
005zvrK8BJ2mrycCIE,Jihoon,Patel,Jihoon Patel,Account Executive,AE,005Er3PZH84kPlmCnF,Sales,jihoon.patel.1107@fakeco.example,true,2024-11-27
005XY8kCmJrc8XXcwE,Saanvi,Kim,Saanvi Kim,Business Development Representative,BDR,005khU7QNqtUPQZIqp,Sales,saanvi.kim.1108@fakeco.example,true,2023-01-05
005XZUpRP9HBvLfhY6,Camila,Perez,Camila Perez,Business Development Representative,BDR,0057w7EAdnkGEiNgQI,Sales,camila.perez.1109@fakeco.example,true,2023-01-30
005xQtcNnSs6fMHI2E,Bao,Gupta,Bao Gupta,Account Executive,AE,005XSKc1itTnzphAq0,Sales,bao.gupta.1110@fakeco.example,true,2023-09-12
005cFzr92UqWtEjiS5,Daniel,Wilson,Daniel Wilson,Account Executive,AE,005G84IQH4GvjJRSmN,Sales,daniel.wilson.1111@fakeco.example,true,2024-07-19
005t7soLyXgOHMyIPy,Casey,Wilson,Casey Wilson,Account Executive,AE,005CBFNOgmBjMtpsia,Sales,casey.wilson.1112@fakeco.example,true,2023-06-18
005jkXdzjIn4FETZtu,Adriana,Kim,Adriana Kim,Account Executive,AE,005Rz3AwzKsbVRJN9w,Sales,adriana.kim.1113@fakeco.example,true,2023-07-19
005xa0kEIUpEcdrhWI,Mei,Lopez,Mei Lopez,Account Executive,AE,005YGW2WmQzCudiH7Y,Sales,mei.lopez.1114@fakeco.example,true,2021-08-01
005lLx9Ibg63D1HhJT,Nia,Thomas,Nia Thomas,Account Executive,AE,0051on43XkMtECqOxS,Sales,nia.thomas.1115@fakeco.example,true,2025-04-22
0057tOW88h5S2FQMo9,Casey,Jackson,Casey Jackson,Account Executive,AE,005YRdo1XKXWNqRs7r,Sales,casey.jackson.1116@fakeco.example,true,2023-02-21
005oTniFgpKl8lJKqn,Gabriel,Clark,Gabriel Clark,Account Executive,AE,005oKiuPKdYR7osjOr,Sales,gabriel.clark.1117@fakeco.example,true,2022-03-11
00517kC03BFC8pxkQp,Priya,Johnson,Priya Johnson,Account Executive,AE,0050CzUZREN68k4tUN,Sales,priya.johnson.1118@fakeco.example,true,2025-01-18
005noBf4oiSp9TePzz,Noah,Lopez,Noah Lopez,Account Executive,AE,00546pdJQIPvjiQvlb,Sales,noah.lopez.1119@fakeco.example,true,2022-05-23
005dEsDKcaedNVmJU3,Kai,Ibrahim,Kai Ibrahim,Sales Development Representative,SDR,005OIgfFwD3HJoKyrb,Sales,kai.ibrahim.1120@fakeco.example,true,2022-03-15
0053WZIwXgjGUPdHRc,Jada,Wong,Jada Wong,Sales Development Representative,SDR,005YmdhQj38AruHr4i,Sales,jada.wong.1121@fakeco.example,true,2024-11-03
005DS8Y3naP935K0U7,Carmen,Brown,Carmen Brown,Business Development Representative,BDR,005HSbKdA9u4uQgwLg,Sales,carmen.brown.1122@fakeco.example,true,2022-12-28
005MwKfgdf4TfBF8Zg,Yara,Jackson,Yara Jackson,Account Executive,AE,0051ogmMJXwKi9x7h6,Sales,yara.jackson.1123@fakeco.example,true,2023-09-01
005lWDDSfm41preSiA,Emerson,Garcia,Emerson Garcia,Sales Development Representative,SDR,005fBH7X41zTPDP4k8,Sales,emerson.garcia.1124@fakeco.example,true,2021-06-24
005I4QuXwZXCZDkjMX,Anika,Martinez,Anika Martinez,Account Executive,AE,005f0EwixIIqe8jKQh,Sales,anika.martinez.1125@fakeco.example,true,2023-02-16
005YgcwjR0nrnHIGZX,Haruto,Baker,Haruto Baker,Sales Development Representative,SDR,0057iwusMtTZqpXc5h,Sales,haruto.baker.1126@fakeco.example,true,2021-10-10
0058XwJMmgZgCCCItV,Jamal,Rodriguez,Jamal Rodriguez,Account Executive,AE,005OEVBljOlOAEtoDO,Sales,jamal.rodriguez.1127@fakeco.example,true,2021-09-21
005dJm5gIU7nUKZnv1,Lucia,Perez,Lucia Perez,Account Executive,AE,005EgPRqfNiIu74kke,Sales,lucia.perez.1128@fakeco.example,true,2024-07-21
005g1giftkTe0BXVrH,Omar,Johnson,Omar Johnson,Account Executive,AE,005MGGqbWbad3uDrpp,Sales,omar.johnson.1129@fakeco.example,true,2023-11-23
005y5u3soBmeQ9pyxl,Omar,Ibrahim,Omar Ibrahim,Account Executive,AE,005uVz3GPMMicIbLRd,Sales,omar.ibrahim.1130@fakeco.example,true,2022-12-29
005DleKhounx1YJ0rP,Elias,Wong,Elias Wong,Business Development Representative,BDR,005z32jGDpi1AF7w2P,Sales,elias.wong.1131@fakeco.example,true,2026-01-20
005HMBcUaJasNagxn6,Noah,Williams,Noah Williams,Account Executive,AE,005eN3Z5DKYAYQ7yyd,Sales,noah.williams.1132@fakeco.example,true,2023-08-03
005DtIhNjUqehYU9Ld,Zuri,Wong,Zuri Wong,Sales Development Representative,SDR,0059uyjqtfJMSN9Dlv,Sales,zuri.wong.1133@fakeco.example,true,2023-03-30
005Wrx3urpzsQneM9P,Jamal,Robinson,Jamal Robinson,Account Executive,AE,005UDDleg62hKD9gF2,Sales,jamal.robinson.1134@fakeco.example,true,2024-08-31
005O8TxStNstfUeWj7,Nia,Ibrahim,Nia Ibrahim,Business Development Representative,BDR,005Er3PZH84kPlmCnF,Sales,nia.ibrahim.1135@fakeco.example,true,2021-10-09
005SHkriY5Z0W9xzJS,Yara,Hall,Yara Hall,Business Development Representative,BDR,005khU7QNqtUPQZIqp,Sales,yara.hall.1136@fakeco.example,true,2025-12-29
005FW7cpQveNM0iR7j,Haruto,Wilson,Haruto Wilson,Sales Development Representative,SDR,0057w7EAdnkGEiNgQI,Sales,haruto.wilson.1137@fakeco.example,true,2022-04-30
005GnvlPPDq5hOoODG,Gabriel,Clark,Gabriel Clark,Account Executive,AE,005XSKc1itTnzphAq0,Sales,gabriel.clark.1138@fakeco.example,true,2023-11-30
005eGrxIA9j7Kap744,Jamal,Wilson,Jamal Wilson,Account Executive,AE,005G84IQH4GvjJRSmN,Sales,jamal.wilson.1139@fakeco.example,true,2023-07-25
005Mw9SUSpD6xFpkOi,Lucia,Thompson,Lucia Thompson,Account Executive,AE,005CBFNOgmBjMtpsia,Sales,lucia.thompson.1140@fakeco.example,true,2022-02-02
00566La41L76C1ZyfL,Yara,Alvarez,Yara Alvarez,Sales Development Representative,SDR,005Rz3AwzKsbVRJN9w,Sales,yara.alvarez.1141@fakeco.example,true,2022-01-12
005ATkmG7VSdpihf48,Haruto,Alvarez,Haruto Alvarez,Sales Development Representative,SDR,005YGW2WmQzCudiH7Y,Sales,haruto.alvarez.1142@fakeco.example,true,2025-06-24
005RMzHVKudpQtLAvV,Maya,Mitchell,Maya Mitchell,Sales Development Representative,SDR,0051on43XkMtECqOxS,Sales,maya.mitchell.1143@fakeco.example,true,2021-10-18
005rwMLn2o5Z0bgUFZ,Haruto,Sanchez,Haruto Sanchez,Account Executive,AE,005YRdo1XKXWNqRs7r,Sales,haruto.sanchez.1144@fakeco.example,true,2022-06-24
005IeU7PAQYPcwR9VT,Anika,Diaz,Anika Diaz,Account Executive,AE,005oKiuPKdYR7osjOr,Sales,anika.diaz.1145@fakeco.example,true,2022-12-19
005AQpXsPDqHdTKZrg,Yara,Sanchez,Yara Sanchez,Account Executive,AE,0050CzUZREN68k4tUN,Sales,yara.sanchez.1146@fakeco.example,true,2022-04-15
005Ho68SXnOO9IeJdv,Imani,Williams,Imani Williams,Account Executive,AE,00546pdJQIPvjiQvlb,Sales,imani.williams.1147@fakeco.example,true,2022-11-01
005sj6ewizq0NwPrwm,Jihoon,Lopez,Jihoon Lopez,Business Development Representative,BDR,005OIgfFwD3HJoKyrb,Sales,jihoon.lopez.1148@fakeco.example,true,2021-10-25
005chtXE6kHD1j5gMk,Andre,Perez,Andre Perez,Business Development Representative,BDR,005YmdhQj38AruHr4i,Sales,andre.perez.1149@fakeco.example,true,2023-03-22
005U2hcHrNtlfF5gcz,Carmen,Davis,Carmen Davis,Business Development Representative,BDR,005HSbKdA9u4uQgwLg,Sales,carmen.davis.1150@fakeco.example,true,2025-12-02
005gadkDjdrzTuBZQ0,Liam,Clark,Liam Clark,Account Executive,AE,0051ogmMJXwKi9x7h6,Sales,liam.clark.1151@fakeco.example,true,2026-03-19
005lECbWsEiD75E7eC,Zuri,Garcia,Zuri Garcia,Sales Development Representative,SDR,005fBH7X41zTPDP4k8,Sales,zuri.garcia.1152@fakeco.example,true,2024-08-15
005xIxpup9aX5Yc366,Kavya,Diaz,Kavya Diaz,Account Executive,AE,005f0EwixIIqe8jKQh,Sales,kavya.diaz.1153@fakeco.example,true,2024-02-11
005r9q3iIp3WHLiZhI,Jordan,Banerjee,Jordan Banerjee,Sales Development Representative,SDR,0057iwusMtTZqpXc5h,Sales,jordan.banerjee.1154@fakeco.example,true,2022-02-24
005wBTdruibiY0OPdW,Elias,Abebe,Elias Abebe,Account Executive,AE,005OEVBljOlOAEtoDO,Sales,elias.abebe.1155@fakeco.example,true,2025-05-12
00574uwHCzqanx744B,Gabriel,Edwards,Gabriel Edwards,Account Executive,AE,005EgPRqfNiIu74kke,Sales,gabriel.edwards.1156@fakeco.example,true,2024-11-18
005GmCcmrt3DPvCZcO,Diego,Baker,Diego Baker,Business Development Representative,BDR,005MGGqbWbad3uDrpp,Sales,diego.baker.1157@fakeco.example,true,2023-03-16
005IgSO06ukUkmxr0U,Diego,Anderson,Diego Anderson,Business Development Representative,BDR,005uVz3GPMMicIbLRd,Sales,diego.anderson.1158@fakeco.example,true,2024-11-25
005qhOaTRDj8l4v6Lo,Imani,Cruz,Imani Cruz,Sales Development Representative,SDR,005z32jGDpi1AF7w2P,Sales,imani.cruz.1159@fakeco.example,true,2022-06-04
005fDW8pqYyhUsaaJT,Keisha,Rodriguez,Keisha Rodriguez,Sales Development Representative,SDR,005eN3Z5DKYAYQ7yyd,Sales,keisha.rodriguez.1160@fakeco.example,true,2024-02-14
005eP2OT2tJzd6Dja9,Daniel,Robinson,Daniel Robinson,Business Development Representative,BDR,0059uyjqtfJMSN9Dlv,Sales,daniel.robinson.1161@fakeco.example,true,2023-11-23
005IYPQNVpF7c2XFiu,Nia,Perez,Nia Perez,Account Executive,AE,005UDDleg62hKD9gF2,Sales,nia.perez.1162@fakeco.example,true,2021-07-31
005RYrmmC3EMzwluqj,DeShawn,Anderson,DeShawn Anderson,Business Development Representative,BDR,005Er3PZH84kPlmCnF,Sales,deshawn.anderson.1163@fakeco.example,true,2025-01-05
00536VT96AN7M9vHvw,Lucia,Garcia,Lucia Garcia,Business Development Representative,BDR,005khU7QNqtUPQZIqp,Sales,lucia.garcia.1164@fakeco.example,true,2023-07-19
005mtNZ6PjUxSYdipW,Emerson,Williams,Emerson Williams,Account Executive,AE,0057w7EAdnkGEiNgQI,Sales,emerson.williams.1165@fakeco.example,true,2024-07-02
005g4fdGzuew1U6NXU,Fatima,Kim,Fatima Kim,Sales Development Representative,SDR,005XSKc1itTnzphAq0,Sales,fatima.kim.1166@fakeco.example,true,2023-11-29
0053OvJBQj7lluaSJM,Akira,Sanchez,Akira Sanchez,Sales Development Representative,SDR,005G84IQH4GvjJRSmN,Sales,akira.sanchez.1167@fakeco.example,true,2024-05-19
005k1Pfjp8rVQw0f9u,Elias,Lee,Elias Lee,Business Development Representative,BDR,005CBFNOgmBjMtpsia,Sales,elias.lee.1168@fakeco.example,true,2022-08-19
005dKuyWKIuifL64ip,Zuri,Nguyen,Zuri Nguyen,Business Development Representative,BDR,005Rz3AwzKsbVRJN9w,Sales,zuri.nguyen.1169@fakeco.example,true,2025-11-25
00512E80qDwAaI1oOE,Mei,Alvarez,Mei Alvarez,Sales Development Representative,SDR,005YGW2WmQzCudiH7Y,Sales,mei.alvarez.1170@fakeco.example,true,2022-04-07
005NgdXDnoq7n6eqfB,Carmen,Abebe,Carmen Abebe,Account Executive,AE,0051on43XkMtECqOxS,Sales,carmen.abebe.1171@fakeco.example,true,2026-03-12
005aABhuRiSBg0srbz,Miguel,Rodriguez,Miguel Rodriguez,Sales Development Representative,SDR,005YRdo1XKXWNqRs7r,Sales,miguel.rodriguez.1172@fakeco.example,true,2025-03-23
005hJPMnhQ0WRyZFX9,Anika,Brown,Anika Brown,Business Development Representative,BDR,005oKiuPKdYR7osjOr,Sales,anika.brown.1173@fakeco.example,true,2023-12-15
005PsOTr02Fp2pwCFZ,Liam,Sanchez,Liam Sanchez,Business Development Representative,BDR,0050CzUZREN68k4tUN,Sales,liam.sanchez.1174@fakeco.example,true,2024-02-08
005eDoAsKFf2bpyVk2,Jordan,Rodriguez,Jordan Rodriguez,Business Development Representative,BDR,00546pdJQIPvjiQvlb,Sales,jordan.rodriguez.1175@fakeco.example,true,2025-09-11
005ON53s4keRC7Er7R,Mei,Alvarez,Mei Alvarez,Account Executive,AE,005OIgfFwD3HJoKyrb,Sales,mei.alvarez.1176@fakeco.example,true,2023-03-09
005CL72UB9NlJw0t0Z,Noah,Walker,Noah Walker,Account Executive,AE,005YmdhQj38AruHr4i,Sales,noah.walker.1177@fakeco.example,true,2025-10-19
005kPk12Yr5iVYwvIy,Imani,Davis,Imani Davis,Account Executive,AE,005HSbKdA9u4uQgwLg,Sales,imani.davis.1178@fakeco.example,true,2022-05-14
005gvWDGbO1EVmxn9m,Yara,Banerjee,Yara Banerjee,Account Executive,AE,0051ogmMJXwKi9x7h6,Sales,yara.banerjee.1179@fakeco.example,true,2024-01-03
005oRycfOWj8YbLrlq,Jada,Ali,Jada Ali,Account Executive,AE,005fBH7X41zTPDP4k8,Sales,jada.ali.1180@fakeco.example,true,2024-02-06
005SzPtEFRJYtyoJvY,Andre,Taylor,Andre Taylor,Business Development Representative,BDR,005f0EwixIIqe8jKQh,Sales,andre.taylor.1181@fakeco.example,true,2024-06-15
005FA8TcXwRGIFLbcj,Jihoon,Brown,Jihoon Brown,Sales Development Representative,SDR,0057iwusMtTZqpXc5h,Sales,jihoon.brown.1182@fakeco.example,true,2023-02-13
005GBFWjFmmyU3YASa,Maya,Lopez,Maya Lopez,Business Development Representative,BDR,005OEVBljOlOAEtoDO,Sales,maya.lopez.1183@fakeco.example,true,2024-01-21
0055j5PkhKrYKIRTRf,Andre,Wong,Andre Wong,Account Executive,AE,005EgPRqfNiIu74kke,Sales,andre.wong.1184@fakeco.example,true,2025-05-31
005bRaTeyEXQ8Puofm,Amina,Davis,Amina Davis,Business Development Representative,BDR,005MGGqbWbad3uDrpp,Sales,amina.davis.1185@fakeco.example,true,2022-10-10
005GITA8ZV1nYz3VcV,DeShawn,Mitchell,DeShawn Mitchell,Business Development Representative,BDR,005uVz3GPMMicIbLRd,Sales,deshawn.mitchell.1186@fakeco.example,true,2023-10-26
005ITUm8sMeUL9Z9US,Saanvi,Smith,Saanvi Smith,Account Executive,AE,005z32jGDpi1AF7w2P,Sales,saanvi.smith.1187@fakeco.example,true,2022-02-09
005f9kyPUYR0yZXH7k,Taylor,Thomas,Taylor Thomas,Sales Development Representative,SDR,005eN3Z5DKYAYQ7yyd,Sales,taylor.thomas.1188@fakeco.example,true,2025-02-09
005LrxjB8ud8tNczS1,Omar,Robinson,Omar Robinson,Account Executive,AE,0059uyjqtfJMSN9Dlv,Sales,omar.robinson.1189@fakeco.example,true,2022-05-07
005rfIoTPQqJtbyYEc,Amina,Lopez,Amina Lopez,Sales Development Representative,SDR,005UDDleg62hKD9gF2,Sales,amina.lopez.1190@fakeco.example,true,2022-11-17
005Zig763saiCy9Xs5,Lucia,Singh,Lucia Singh,Business Development Representative,BDR,005Er3PZH84kPlmCnF,Sales,lucia.singh.1191@fakeco.example,true,2021-09-04
005o6FGxPqqWKpnCkp,Miguel,Smith,Miguel Smith,Account Executive,AE,005khU7QNqtUPQZIqp,Sales,miguel.smith.1192@fakeco.example,true,2022-06-07
0059wV9ybGAGQOgvhj,Saanvi,Lewis,Saanvi Lewis,Business Development Representative,BDR,0057w7EAdnkGEiNgQI,Sales,saanvi.lewis.1193@fakeco.example,true,2022-12-23
005OcXZdxrlsgJWBeG,Taylor,Sanchez,Taylor Sanchez,Account Executive,AE,005XSKc1itTnzphAq0,Sales,taylor.sanchez.1194@fakeco.example,true,2024-07-28
005H18uJWTVdyNheWe,Kavya,Banerjee,Kavya Banerjee,Business Development Representative,BDR,005G84IQH4GvjJRSmN,Sales,kavya.banerjee.1195@fakeco.example,true,2025-09-07
005scUETCztHB2VpGr,Leila,Wong,Leila Wong,Sales Development Representative,SDR,005CBFNOgmBjMtpsia,Sales,leila.wong.1196@fakeco.example,true,2021-09-29
005PhLjKVjb9dOzZoL,Casey,Wright,Casey Wright,Account Executive,AE,005Rz3AwzKsbVRJN9w,Sales,casey.wright.1197@fakeco.example,true,2025-03-09
005bZBvn4MclbYAtNN,Riley,Walker,Riley Walker,Sales Development Representative,SDR,005YGW2WmQzCudiH7Y,Sales,riley.walker.1198@fakeco.example,true,2024-09-01
005kGz3iLXUMdHQq3f,Ximena,Baker,Ximena Baker,Sales Development Representative,SDR,0051on43XkMtECqOxS,Sales,ximena.baker.1199@fakeco.example,true,2023-04-10
005mYnZlHWW2dnL0rt,Riley,Jackson,Riley Jackson,Business Development Representative,BDR,005YRdo1XKXWNqRs7r,Sales,riley.jackson.1200@fakeco.example,true,2021-09-28
005lFrIUHPTHLXsJgY,Imani,Taylor,Imani Taylor,Business Development Representative,BDR,005oKiuPKdYR7osjOr,Sales,imani.taylor.1201@fakeco.example,true,2023-11-20
005kYbLfois6p7LjKf,Priya,Clark,Priya Clark,Sales Development Representative,SDR,0050CzUZREN68k4tUN,Sales,priya.clark.1202@fakeco.example,true,2024-08-11
005U1cnD3W8AfIM0Y9,Camila,Diaz,Camila Diaz,Business Development Representative,BDR,00546pdJQIPvjiQvlb,Sales,camila.diaz.1203@fakeco.example,true,2023-01-30
005farfat1cfKFkByw,Maya,Thompson,Maya Thompson,Account Executive,AE,005OIgfFwD3HJoKyrb,Sales,maya.thompson.1204@fakeco.example,true,2024-12-29
005ROiSKxdkvxxfjgH,Haruto,Alvarez,Haruto Alvarez,Account Executive,AE,005YmdhQj38AruHr4i,Sales,haruto.alvarez.1205@fakeco.example,true,2023-01-08
005xi0Xi0wCwuciNbG,Bao,Hall,Bao Hall,Sales Development Representative,SDR,005HSbKdA9u4uQgwLg,Sales,bao.hall.1206@fakeco.example,true,2022-02-07
005T3CcQW30Fc3HxzP,Saanvi,Green,Saanvi Green,Business Development Representative,BDR,0051ogmMJXwKi9x7h6,Sales,saanvi.green.1207@fakeco.example,true,2025-01-20
005sW3tnobKnIyN0Nz,Zuri,Singh,Zuri Singh,Sales Development Representative,SDR,005fBH7X41zTPDP4k8,Sales,zuri.singh.1208@fakeco.example,true,2025-11-24
005iRmiKUtSSkR82g5,Noah,Khan,Noah Khan,Business Development Representative,BDR,005f0EwixIIqe8jKQh,Sales,noah.khan.1209@fakeco.example,true,2022-06-03
0059wya6DR3pIs3IPJ,Anika,Clark,Anika Clark,Account Executive,AE,0057iwusMtTZqpXc5h,Sales,anika.clark.1210@fakeco.example,true,2022-03-30
005w1rZfJkoRoaYcEo,Jada,Green,Jada Green,Business Development Representative,BDR,005OEVBljOlOAEtoDO,Sales,jada.green.1211@fakeco.example,true,2021-10-10
005gvRs74Xd8fUlA3x,Andre,Lewis,Andre Lewis,Business Development Representative,BDR,005EgPRqfNiIu74kke,Sales,andre.lewis.1212@fakeco.example,true,2021-06-25
005udoqsW2EyiZN9b0,Yara,Banerjee,Yara Banerjee,Business Development Representative,BDR,005MGGqbWbad3uDrpp,Sales,yara.banerjee.1213@fakeco.example,true,2025-01-16
005U1SVjkIk2fyV5rw,Malik,Hall,Malik Hall,Sales Development Representative,SDR,005uVz3GPMMicIbLRd,Sales,malik.hall.1214@fakeco.example,true,2025-12-16
005oy1dBH72KcdA9bM,Akira,Brown,Akira Brown,Sales Development Representative,SDR,005z32jGDpi1AF7w2P,Sales,akira.brown.1215@fakeco.example,true,2022-05-15
005TK374RFpXQFXq5p,Camila,Thompson,Camila Thompson,Account Executive,AE,005eN3Z5DKYAYQ7yyd,Sales,camila.thompson.1216@fakeco.example,true,2025-04-21
005oTuswObpFtGANeE,Alex,Lewis,Alex Lewis,Sales Development Representative,SDR,0059uyjqtfJMSN9Dlv,Sales,alex.lewis.1217@fakeco.example,true,2025-06-27
005hrcAAsV0H3bsIeE,Omar,Gonzalez,Omar Gonzalez,Sales Development Representative,SDR,005UDDleg62hKD9gF2,Sales,omar.gonzalez.1218@fakeco.example,true,2024-12-12
005uzGGUX4TIYx0w3I,Jordan,Banerjee,Jordan Banerjee,Account Executive,AE,005Er3PZH84kPlmCnF,Sales,jordan.banerjee.1219@fakeco.example,true,2022-08-20
005EhkAnpKcWuNovJ6,Tariq,Cruz,Tariq Cruz,Business Development Representative,BDR,005khU7QNqtUPQZIqp,Sales,tariq.cruz.1220@fakeco.example,true,2023-12-03
005c3NF5GIwHluYW9b,Quinn,Washington,Quinn Washington,Account Executive,AE,0057w7EAdnkGEiNgQI,Sales,quinn.washington.1221@fakeco.example,true,2024-06-19
005RpFPjmmumSx8sB2,Camila,Green,Camila Green,Account Executive,AE,005XSKc1itTnzphAq0,Sales,camila.green.1222@fakeco.example,true,2021-06-25
005NhmgMvZSpDy5y9P,Sofia,Ibrahim,Sofia Ibrahim,Business Development Representative,BDR,005G84IQH4GvjJRSmN,Sales,sofia.ibrahim.1223@fakeco.example,true,2023-06-16
005PfomEh4AX7UIY31,Jordan,Chen,Jordan Chen,Account Executive,AE,005CBFNOgmBjMtpsia,Sales,jordan.chen.1224@fakeco.example,true,2023-01-16
005irLwe9xEBlEAQNC,Kavya,Kim,Kavya Kim,Sales Development Representative,SDR,005Rz3AwzKsbVRJN9w,Sales,kavya.kim.1225@fakeco.example,true,2025-11-22
005SotgxabsZFoiinJ,Kai,Patel,Kai Patel,Business Development Representative,BDR,005YGW2WmQzCudiH7Y,Sales,kai.patel.1226@fakeco.example,true,2024-09-03
005Fg6NzJiUZlow1pr,Andre,Ibrahim,Andre Ibrahim,Business Development Representative,BDR,0051on43XkMtECqOxS,Sales,andre.ibrahim.1227@fakeco.example,true,2022-08-16
005sbu92PDPF7bHdnm,Amina,Ibrahim,Amina Ibrahim,Business Development Representative,BDR,005YRdo1XKXWNqRs7r,Sales,amina.ibrahim.1228@fakeco.example,true,2025-12-03
005vqvLHAtIsAKf8Wh,Imani,Walker,Imani Walker,Account Executive,AE,005oKiuPKdYR7osjOr,Sales,imani.walker.1229@fakeco.example,true,2023-05-01
005KXIvx3Ru4Hx5BVz,Yara,Gupta,Yara Gupta,Sales Development Representative,SDR,0050CzUZREN68k4tUN,Sales,yara.gupta.1230@fakeco.example,true,2023-10-28
005EQtkoEfdgXDf2kK,Gabriel,Perez,Gabriel Perez,Account Executive,AE,00546pdJQIPvjiQvlb,Sales,gabriel.perez.1231@fakeco.example,true,2024-03-02
005xG5kruHOvgAC23A,Casey,Gupta,Casey Gupta,Business Development Representative,BDR,005OIgfFwD3HJoKyrb,Sales,casey.gupta.1232@fakeco.example,true,2024-11-10
005XY6JL792Cjz6tvp,Akira,Moore,Akira Moore,Business Development Representative,BDR,005YmdhQj38AruHr4i,Sales,akira.moore.1233@fakeco.example,true,2023-11-18
005Pa6uUR0EkXHgr5D,Elias,Jackson,Elias Jackson,Account Executive,AE,005HSbKdA9u4uQgwLg,Sales,elias.jackson.1234@fakeco.example,true,2025-03-23
005C9ZE4d3Sx2TUFjd,Elias,Perez,Elias Perez,Account Executive,AE,0051ogmMJXwKi9x7h6,Sales,elias.perez.1235@fakeco.example,true,2026-03-09
005SkyTvnPdXlfxxMu,Jihoon,Edwards,Jihoon Edwards,Account Executive,AE,005fBH7X41zTPDP4k8,Sales,jihoon.edwards.1236@fakeco.example,true,2023-03-02
005A7aBOiWo1s4A8VA,Emerson,Cruz,Emerson Cruz,Business Development Representative,BDR,005f0EwixIIqe8jKQh,Sales,emerson.cruz.1237@fakeco.example,true,2021-12-22
0052vuTGNhPaf9DJtR,Sofia,Lee,Sofia Lee,Sales Development Representative,SDR,0057iwusMtTZqpXc5h,Sales,sofia.lee.1238@fakeco.example,true,2025-09-16
00552has5XdvFlGgIo,Akira,Gonzalez,Akira Gonzalez,Sales Development Representative,SDR,005OEVBljOlOAEtoDO,Sales,akira.gonzalez.1239@fakeco.example,true,2021-08-19
005lkDbq9IPSQ2U7zZ,Kai,Baker,Kai Baker,Business Development Representative,BDR,005EgPRqfNiIu74kke,Sales,kai.baker.1240@fakeco.example,true,2022-04-20
005UcROE8MIxxlGJGK,Zuri,Jackson,Zuri Jackson,Account Executive,AE,005MGGqbWbad3uDrpp,Sales,zuri.jackson.1241@fakeco.example,true,2023-09-17
005aHiW9xNcTdQ2HFK,Liam,Jackson,Liam Jackson,Account Executive,AE,005uVz3GPMMicIbLRd,Sales,liam.jackson.1242@fakeco.example,true,2021-09-14
0050tsmCN12UJFtP9W,Tariq,Ibrahim,Tariq Ibrahim,Account Executive,AE,005z32jGDpi1AF7w2P,Sales,tariq.ibrahim.1243@fakeco.example,true,2024-01-04
005rTQ0LB8Z2cjvjPG,Maya,Anderson,Maya Anderson,Business Development Representative,BDR,005eN3Z5DKYAYQ7yyd,Sales,maya.anderson.1244@fakeco.example,true,2023-08-22
005HAD1xOIM0ZXro8p,Anika,Clark,Anika Clark,Sales Development Representative,SDR,0059uyjqtfJMSN9Dlv,Sales,anika.clark.1245@fakeco.example,true,2025-10-04
